date,icon,temperatureMax,precipType
2016-01-01,cloudy,34.3,snow
2016-01-02,partly-cloudy-day,33.07,snow
2016-01-03,cloudy,32.26,
2016-01-04,cloudy,34.04,snow
2016-01-05,cloudy,37.36,rain
2016-01-06,fog,37.01,snow
2016-01-07,cloudy,37.61,snow
2016-01-08,partly-cloudy-day,42.97,
2016-01-09,cloudy,39.01,
2016-01-10,rain,41.13,rain
2016-01-11,rain,41.79,rain
2016-01-12,rain,40.66,rain
2016-01-13,rain,39.91,rain
2016-01-14,partly-cloudy-day,39.14,snow
2016-01-15,snow,34.78,snow
2016-01-16,snow,32.91,snow
2016-01-17,cloudy,31.18,snow
2016-01-18,partly-cloudy-day,23.81,
2016-01-19,partly-cloudy-day,22.73,snow
2016-01-20,cloudy,29.21,snow
2016-01-21,partly-cloudy-day,29.23,snow
2016-01-22,clear-day,25.78,snow
2016-01-23,rain,37.65,rain
2016-01-24,partly-cloudy-day,38.85,rain
2016-01-25,rain,44.09,rain
2016-01-26,partly-cloudy-day,46.81,rain
2016-01-27,partly-cloudy-day,53.92,
2016-01-28,partly-cloudy-day,52.26,rain
2016-01-29,partly-cloudy-day,48.42,rain
2016-01-30,rain,47.28,rain
2016-01-31,rain,40.23,rain
2016-02-01,rain,52.73,rain
2016-02-02,cloudy,51.11,
2016-02-03,rain,46.02,rain
2016-02-04,snow,36.78,snow
2016-02-05,rain,41.52,rain
2016-02-06,partly-cloudy-day,48.58,
2016-02-07,clear-day,50.07,
2016-02-08,rain,52.95,rain
2016-02-09,rain,47.43,rain
2016-02-10,rain,39.95,rain
2016-02-11,rain,38.3,rain
2016-02-12,snow,41.4,snow
2016-02-13,rain,38.22,rain
2016-02-14,rain,47.85,rain
2016-02-15,cloudy,43.02,rain
2016-02-16,cloudy,37.41,
2016-02-17,snow,33.67,snow
2016-02-18,partly-cloudy-day,44.79,
2016-02-19,partly-cloudy-day,37.85,rain
2016-02-20,rain,40.05,rain
2016-02-21,rain,52.34,rain
2016-02-22,partly-cloudy-day,54.29,rain
2016-02-23,rain,48.26,rain
2016-02-24,partly-cloudy-day,39.98,
2016-02-25,partly-cloudy-day,39.05,snow
2016-02-26,clear-day,38.74,
2016-02-27,clear-day,43.19,
2016-02-28,partly-cloudy-day,39.38,
2016-02-29,rain,40.39,rain
2016-03-01,cloudy,34.38,snow
2016-03-02,rain,43.99,rain
2016-03-03,partly-cloudy-day,40.97,rain
2016-03-04,partly-cloudy-day,43.99,
2016-03-05,rain,46.67,rain
2016-03-06,rain,39.26,rain
2016-03-07,rain,41.3,rain
2016-03-08,partly-cloudy-day,40.57,rain
2016-03-09,partly-cloudy-day,43.53,rain
2016-03-10,clear-day,48.24,snow
2016-03-11,partly-cloudy-day,45.53,
2016-03-12,partly-cloudy-day,44.33,
2016-03-13,cloudy,44.22,
2016-03-14,clear-day,47.1,
2016-03-15,rain,38.81,rain
2016-03-16,partly-cloudy-day,42.96,rain
2016-03-17,clear-day,53.41,
2016-03-18,clear-day,57.09,
2016-03-19,partly-cloudy-day,44.37,
2016-03-20,cloudy,42.95,
2016-03-21,cloudy,45.29,rain
2016-03-22,rain,45.25,rain
2016-03-23,rain,46.77,rain
2016-03-24,cloudy,46.18,
2016-03-25,rain,43.39,rain
2016-03-26,rain,48.08,rain
2016-03-27,rain,54.35,rain
2016-03-28,rain,56.45,rain
2016-03-29,rain,53.6,rain
2016-03-30,rain,50.47,rain
2016-03-31,rain,66.8,rain
2016-04-01,partly-cloudy-day,49.16,
2016-04-02,clear-day,60.79,
2016-04-03,clear-day,69.72,rain
2016-04-04,clear-day,68.82,
2016-04-05,clear-day,68.74,rain
2016-04-06,rain,59.21,rain
2016-04-07,cloudy,52.72,
2016-04-08,partly-cloudy-day,52.62,
2016-04-09,partly-cloudy-day,55.05,
2016-04-10,partly-cloudy-day,57.01,
2016-04-11,clear-day,59.2,
2016-04-12,partly-cloudy-day,62.4,
2016-04-13,rain,62.08,rain
2016-04-14,partly-cloudy-day,58.28,
2016-04-15,partly-cloudy-day,55.66,rain
2016-04-16,rain,56.09,rain
2016-04-17,rain,51.31,rain
2016-04-18,rain,54.09,rain
2016-04-19,partly-cloudy-day,52.55,rain
2016-04-20,clear-day,58.51,rain
2016-04-21,rain,66.64,rain
2016-04-22,partly-cloudy-day,63.31,
2016-04-23,rain,50.55,rain
2016-04-24,snow,42.22,snow
2016-04-25,rain,42.46,rain
2016-04-26,rain,42.73,rain
2016-04-27,partly-cloudy-day,46.02,rain
2016-04-28,rain,45.89,rain
2016-04-29,partly-cloudy-day,57.59,
2016-04-30,clear-day,66.32,
2016-05-01,partly-cloudy-day,61.06,
2016-05-02,clear-day,66.18,
2016-05-03,rain,64.61,rain
2016-05-04,partly-cloudy-day,57.14,
2016-05-05,partly-cloudy-day,63.92,
2016-05-06,clear-day,73.07,
2016-05-07,clear-day,74.25,
2016-05-08,clear-day,72.31,
2016-05-09,clear-day,75.06,
2016-05-10,clear-day,74.49,rain
2016-05-11,partly-cloudy-day,69.22,
2016-05-12,rain,62.42,rain
2016-05-13,partly-cloudy-day,66.41,rain
2016-05-14,partly-cloudy-day,62.71,
2016-05-15,rain,50.29,rain
2016-05-16,rain,47.75,rain
2016-05-17,cloudy,54.5,rain
2016-05-18,partly-cloudy-day,64.09,
2016-05-19,rain,57.03,rain
2016-05-20,partly-cloudy-day,66.22,
2016-05-21,clear-day,73.24,
2016-05-22,clear-day,83.97,rain
2016-05-23,rain,64.28,rain
2016-05-24,rain,55.48,rain
2016-05-25,cloudy,60.38,rain
2016-05-26,rain,73.97,rain
2016-05-27,rain,76.6,rain
2016-05-28,rain,74.97,rain
2016-05-29,rain,76.65,rain
2016-05-30,rain,66.61,rain
2016-05-31,rain,68.19,rain
2016-06-01,rain,62.9,rain
2016-06-02,rain,65.33,rain
2016-06-03,rain,65.46,rain
2016-06-04,partly-cloudy-day,73.53,rain
2016-06-05,rain,73.69,rain
2016-06-06,rain,79.59,rain
2016-06-07,clear-day,79.02,
2016-06-08,rain,73.69,rain
2016-06-09,partly-cloudy-day,70.13,
2016-06-10,clear-day,71.95,
2016-06-11,partly-cloudy-day,67.73,
2016-06-12,rain,66.06,rain
2016-06-13,rain,65.35,rain
2016-06-14,rain,68.85,rain
2016-06-15,rain,66.53,rain
2016-06-16,rain,66.09,rain
2016-06-17,rain,62.54,rain
2016-06-18,rain,70.82,rain
2016-06-19,partly-cloudy-day,66.8,
2016-06-20,clear-day,71.96,
2016-06-21,rain,70.66,rain
2016-06-22,partly-cloudy-day,81.37,
2016-06-23,clear-day,88.3,
2016-06-24,clear-day,92.81,
2016-06-25,rain,83.82,rain
2016-06-26,,69.33,
2016-06-27,partly-cloudy-day,71.25,rain
2016-06-28,partly-cloudy-day,74.92,rain
2016-06-29,partly-cloudy-day,77.72,
2016-06-30,rain,76.77,rain
2016-07-01,rain,80.92,rain
2016-07-02,rain,67.78,rain
2016-07-03,partly-cloudy-day,66.17,
2016-07-04,partly-cloudy-day,72.55,
2016-07-05,partly-cloudy-day,77.97,
2016-07-06,partly-cloudy-day,69.86,
2016-07-07,clear-day,74.31,
2016-07-08,clear-day,82.1,
2016-07-09,partly-cloudy-day,77.65,rain
2016-07-10,clear-day,87.95,
2016-07-11,rain,88.68,rain
2016-07-12,partly-cloudy-day,69.05,rain
2016-07-13,rain,71.9,rain
2016-07-14,rain,61.9,rain
2016-07-15,cloudy,62.11,
2016-07-16,partly-cloudy-day,72.16,
2016-07-17,rain,78.57,rain
2016-07-18,partly-cloudy-day,80.34,
2016-07-19,clear-day,84.26,
2016-07-20,rain,86.8,rain
2016-07-21,rain,73.36,rain
2016-07-22,partly-cloudy-day,82.9,rain
2016-07-23,rain,76.34,rain
2016-07-24,rain,77.1,rain
2016-07-25,partly-cloudy-day,80.57,
2016-07-26,rain,77.39,rain
2016-07-27,partly-cloudy-day,76.67,rain
2016-07-28,,77.56,
2016-07-29,rain,77.64,rain
2016-07-30,partly-cloudy-day,82.89,
2016-07-31,rain,70.7,rain
2016-08-01,clear-day,72.07,
2016-08-02,rain,65.22,rain
2016-08-03,partly-cloudy-day,75.95,rain
2016-08-04,clear-day,84.38,rain
2016-08-05,rain,66.44,rain
2016-08-06,partly-cloudy-day,70.42,
2016-08-07,clear-day,78.24,
2016-08-08,clear-day,80.92,
2016-08-09,rain,65.75,rain
2016-08-10,rain,62.03,rain
2016-08-11,partly-cloudy-day,65.29,
2016-08-12,rain,61.98,rain
2016-08-13,partly-cloudy-day,79.31,
2016-08-14,clear-day,79.34,
2016-08-15,clear-day,70.0,
2016-08-16,rain,78.02,rain
2016-08-17,clear-day,74.79,
2016-08-18,clear-day,77.7,
2016-08-19,partly-cloudy-day,77.23,
2016-08-20,rain,81.26,rain
2016-08-21,rain,68.13,rain
2016-08-22,partly-cloudy-day,72.7,
2016-08-23,partly-cloudy-day,79.85,
2016-08-24,clear-day,82.78,
2016-08-25,clear-day,87.73,
2016-08-26,clear-day,89.08,
2016-08-27,clear-day,89.92,
2016-08-28,clear-day,91.0,
2016-08-29,partly-cloudy-day,79.11,rain
2016-08-30,clear-day,76.16,
2016-08-31,clear-day,80.12,
2016-09-01,partly-cloudy-day,79.79,rain
2016-09-02,clear-day,80.93,
2016-09-03,clear-day,78.06,
2016-09-04,rain,75.68,rain
2016-09-05,rain,66.27,rain
2016-09-06,partly-cloudy-day,74.64,rain
2016-09-07,clear-day,79.93,
2016-09-08,clear-day,83.5,
2016-09-09,clear-day,83.01,
2016-09-10,clear-day,84.31,
2016-09-11,clear-day,85.63,
2016-09-12,clear-day,86.88,
2016-09-13,clear-day,87.59,
2016-09-14,clear-day,84.36,
2016-09-15,clear-day,84.52,
2016-09-16,rain,75.17,rain
2016-09-17,rain,64.4,rain
2016-09-18,rain,63.15,rain
2016-09-19,cloudy,56.56,rain
2016-09-20,partly-cloudy-day,61.07,rain
2016-09-21,clear-day,64.53,
2016-09-22,clear-day,66.18,
2016-09-23,clear-day,68.17,
2016-09-24,clear-day,69.98,rain
2016-09-25,clear-day,71.33,
2016-09-26,rain,72.26,rain
2016-09-27,clear-day,71.97,
2016-09-28,clear-day,71.04,
2016-09-29,rain,74.75,rain
2016-09-30,partly-cloudy-day,73.66,
2016-10-01,partly-cloudy-day,73.17,rain
2016-10-02,rain,60.21,rain
2016-10-03,rain,53.59,rain
2016-10-04,rain,54.25,rain
2016-10-05,rain,51.24,rain
2016-10-06,rain,48.83,rain
2016-10-07,rain,50.01,rain
2016-10-08,rain,51.83,rain
2016-10-09,rain,50.23,rain
2016-10-10,partly-cloudy-day,51.22,snow
2016-10-11,partly-cloudy-day,47.3,rain
2016-10-12,partly-cloudy-day,48.37,rain
2016-10-13,rain,49.55,rain
2016-10-14,clear-day,56.94,
2016-10-15,partly-cloudy-day,63.35,
2016-10-16,partly-cloudy-day,66.29,
2016-10-17,partly-cloudy-day,56.08,
2016-10-18,cloudy,56.85,rain
2016-10-19,rain,50.45,rain
2016-10-20,rain,48.13,rain
2016-10-21,rain,46.65,rain
2016-10-22,rain,44.97,rain
2016-10-23,partly-cloudy-day,51.58,rain
2016-10-24,rain,56.44,rain
2016-10-25,rain,56.78,rain
2016-10-26,cloudy,54.95,rain
2016-10-27,partly-cloudy-day,53.62,
2016-10-28,partly-cloudy-day,54.85,
2016-10-29,partly-cloudy-day,54.81,rain
2016-10-30,partly-cloudy-day,51.37,
2016-10-31,partly-cloudy-day,50.7,rain
2016-11-01,rain,48.24,rain
2016-11-02,rain,47.38,rain
2016-11-03,partly-cloudy-day,45.66,
2016-11-04,partly-cloudy-day,43.53,snow
2016-11-05,rain,49.49,rain
2016-11-06,rain,44.67,rain
2016-11-07,partly-cloudy-day,39.74,
2016-11-08,cloudy,34.81,snow
2016-11-09,rain,40.56,rain
2016-11-10,rain,39.76,rain
2016-11-11,rain,38.67,rain
2016-11-12,snow,34.75,snow
2016-11-13,partly-cloudy-day,34.54,
2016-11-14,clear-day,38.96,snow
2016-11-15,rain,36.47,rain
2016-11-16,rain,48.49,rain
2016-11-17,rain,51.56,rain
2016-11-18,rain,52.53,rain
2016-11-19,rain,44.59,rain
2016-11-20,clear-day,49.08,rain
2016-11-21,clear-day,52.18,
2016-11-22,partly-cloudy-day,51.61,
2016-11-23,partly-cloudy-day,49.99,rain
2016-11-24,cloudy,46.39,rain
2016-11-25,cloudy,47.84,
2016-11-26,cloudy,44.11,
2016-11-27,partly-cloudy-day,43.0,
2016-11-28,clear-day,34.26,snow
2016-11-29,clear-day,35.52,
2016-11-30,clear-day,35.18,snow
2016-12-01,cloudy,37.42,
2016-12-02,rain,40.44,rain
2016-12-03,clear-day,35.9,snow
2016-12-04,clear-day,37.18,snow
2016-12-05,partly-cloudy-day,27.88,
2016-12-06,snow,28.75,snow
2016-12-07,cloudy,27.99,
2016-12-08,partly-cloudy-day,34.14,snow
2016-12-09,partly-cloudy-day,38.74,
2016-12-10,partly-cloudy-day,50.26,
2016-12-11,rain,44.54,rain
2016-12-12,rain,43.89,rain
2016-12-13,rain,41.47,rain
2016-12-14,rain,42.02,rain
2016-12-15,cloudy,39.38,rain
2016-12-16,partly-cloudy-day,34.69,
2016-12-17,cloudy,30.72,
2016-12-18,cloudy,33.8,snow
2016-12-19,partly-cloudy-day,36.83,
2016-12-20,partly-cloudy-day,32.6,snow
2016-12-21,cloudy,29.65,
2016-12-22,cloudy,29.53,
2016-12-23,cloudy,33.86,snow
2016-12-24,cloudy,42.14,rain
2016-12-25,rain,44.11,rain
2016-12-26,cloudy,46.53,rain
2016-12-27,rain,38.58,rain
2016-12-28,cloudy,41.11,
2016-12-29,partly-cloudy-day,41.58,rain
2016-12-30,partly-cloudy-day,34.31,snow
2016-12-31,partly-cloudy-day,29.21,
2017-01-01,cloudy,27.41,snow
2017-01-02,cloudy,32.81,
2017-01-03,cloudy,33.13,snow
2017-01-04,snow,33.4,snow
2017-01-05,snow,32.77,snow
2017-01-06,clear-day,20.65,
2017-01-07,partly-cloudy-day,18.74,
2017-01-08,snow,29.2,snow
2017-01-09,cloudy,31.44,
2017-01-10,cloudy,30.05,snow
2017-01-11,snow,36.84,snow
2017-01-12,partly-cloudy-day,40.17,rain
2017-01-13,rain,38.57,rain
2017-01-14,cloudy,33.69,snow
2017-01-15,snow,32.83,snow
2017-01-16,cloudy,28.78,
2017-01-17,partly-cloudy-day,27.14,
2017-01-18,partly-cloudy-day,27.27,
2017-01-19,clear-day,31.49,
2017-01-20,clear-day,36.02,rain
2017-01-21,clear-day,31.96,
2017-01-22,clear-day,32.0,
2017-01-23,clear-day,25.26,
2017-01-24,cloudy,19.13,
2017-01-25,cloudy,27.81,
2017-01-26,partly-cloudy-day,34.09,snow
2017-01-27,clear-day,33.98,snow
2017-01-28,partly-cloudy-day,24.29,
2017-01-29,clear-day,31.71,snow
2017-01-30,snow,34.1,snow
2017-01-31,snow,35.62,snow
2017-02-01,cloudy,35.64,
2017-02-02,snow,37.54,snow
2017-02-03,rain,38.93,rain
2017-02-04,fog,38.92,snow
2017-02-05,partly-cloudy-day,43.41,rain
2017-02-06,partly-cloudy-day,42.17,
2017-02-07,cloudy,38.93,
2017-02-08,partly-cloudy-day,37.28,
2017-02-09,cloudy,31.45,
2017-02-10,partly-cloudy-day,37.01,
2017-02-11,snow,40.16,snow
2017-02-12,cloudy,33.29,
2017-02-13,clear-day,43.42,
2017-02-14,clear-day,46.63,
2017-02-15,clear-day,48.01,
2017-02-16,clear-day,54.4,
2017-02-17,rain,46.66,rain
2017-02-18,cloudy,42.2,rain
2017-02-19,snow,44.23,snow
2017-02-20,rain,47.95,rain
2017-02-21,rain,49.13,rain
2017-02-22,rain,49.31,rain
2017-02-23,rain,58.98,rain
2017-02-24,partly-cloudy-day,47.67,rain
2017-02-25,clear-day,47.19,
2017-02-26,partly-cloudy-day,52.31,
2017-02-27,clear-day,56.98,
2017-02-28,rain,45.28,rain
2017-03-01,rain,45.74,rain
2017-03-02,rain,48.02,rain
2017-03-03,clear-day,49.89,
2017-03-04,clear-day,62.69,
2017-03-05,partly-cloudy-day,50.94,rain
2017-03-06,rain,43.8,rain
2017-03-07,rain,44.08,rain
2017-03-08,rain,45.88,rain
2017-03-09,rain,50.46,rain
2017-03-10,rain,47.96,rain
2017-03-11,partly-cloudy-day,50.55,
2017-03-12,clear-day,49.28,
2017-03-13,clear-day,51.03,
2017-03-14,partly-cloudy-day,54.85,
2017-03-15,partly-cloudy-day,54.5,
2017-03-16,clear-day,61.64,
2017-03-17,clear-day,61.99,
2017-03-18,rain,47.67,rain
2017-03-19,rain,52.3,rain
2017-03-20,partly-cloudy-day,56.42,
2017-03-21,rain,53.99,rain
2017-03-22,rain,42.96,rain
2017-03-23,cloudy,49.73,rain
2017-03-24,partly-cloudy-day,49.62,
2017-03-25,clear-day,56.94,
2017-03-26,clear-day,55.27,
2017-03-27,clear-day,62.62,
2017-03-28,rain,67.54,rain
2017-03-29,clear-day,63.89,
2017-03-30,partly-cloudy-day,67.72,
2017-03-31,clear-day,73.03,
2017-04-01,clear-day,71.8,
2017-04-02,partly-cloudy-day,67.12,
2017-04-03,partly-cloudy-day,60.74,
2017-04-04,partly-cloudy-day,55.2,
2017-04-05,partly-cloudy-day,58.02,rain
2017-04-06,partly-cloudy-day,51.69,
2017-04-07,cloudy,53.17,
2017-04-08,partly-cloudy-day,62.93,
2017-04-09,clear-day,69.69,
2017-04-10,rain,72.71,rain
2017-04-11,partly-cloudy-day,55.08,
2017-04-12,partly-cloudy-day,61.44,
2017-04-13,rain,56.33,rain
2017-04-14,cloudy,55.58,
2017-04-15,rain,57.61,rain
2017-04-16,partly-cloudy-day,49.76,rain
2017-04-17,rain,40.88,rain
2017-04-18,rain,44.25,rain
2017-04-19,cloudy,39.85,snow
2017-04-20,partly-cloudy-day,44.48,
2017-04-21,partly-cloudy-day,56.4,
2017-04-22,rain,49.9,rain
2017-04-23,partly-cloudy-day,45.94,
2017-04-24,clear-day,59.99,
2017-04-25,rain,58.41,rain
2017-04-26,rain,41.59,rain
2017-04-27,partly-cloudy-day,44.61,rain
2017-04-28,rain,47.13,rain
2017-04-29,rain,53.0,rain
2017-04-30,clear-day,61.34,
2017-05-01,partly-cloudy-day,59.85,rain
2017-05-02,rain,52.43,rain
2017-05-03,rain,61.01,rain
2017-05-04,rain,60.41,rain
2017-05-05,rain,56.92,rain
2017-05-06,clear-day,68.4,rain
2017-05-07,rain,63.52,rain
2017-05-08,rain,57.42,rain
2017-05-09,cloudy,49.73,rain
2017-05-10,clear-day,62.88,
2017-05-11,clear-day,71.76,rain
2017-05-12,rain,68.07,rain
2017-05-13,partly-cloudy-day,66.15,rain
2017-05-14,rain,67.26,rain
2017-05-15,rain,69.46,rain
2017-05-16,clear-day,75.19,
2017-05-17,clear-day,77.26,
2017-05-18,clear-day,81.56,
2017-05-19,rain,80.5,rain
2017-05-20,rain,63.35,rain
2017-05-21,partly-cloudy-day,66.14,
2017-05-22,partly-cloudy-day,71.45,
2017-05-23,clear-day,75.07,rain
2017-05-24,rain,64.8,rain
2017-05-25,partly-cloudy-day,67.3,
2017-05-26,clear-day,75.76,
2017-05-27,clear-day,80.61,
2017-05-28,clear-day,84.72,
2017-05-29,clear-day,87.68,
2017-05-30,partly-cloudy-day,85.77,
2017-05-31,partly-cloudy-day,76.63,
2017-06-01,clear-day,77.58,
2017-06-02,clear-day,81.96,
2017-06-03,rain,81.83,rain
2017-06-04,rain,67.26,rain
2017-06-05,partly-cloudy-day,71.11,rain
2017-06-06,rain,65.8,rain
2017-06-07,rain,59.96,rain
2017-06-08,clear-day,70.75,
2017-06-09,clear-day,78.35,rain
2017-06-10,rain,72.45,rain
2017-06-11,clear-day,81.11,
2017-06-12,partly-cloudy-day,78.05,
2017-06-13,clear-day,72.81,
2017-06-14,clear-day,79.5,
2017-06-15,clear-day,85.77,
2017-06-16,partly-cloudy-day,74.37,
2017-06-17,partly-cloudy-day,68.86,
2017-06-18,clear-day,77.14,
2017-06-19,clear-day,86.0,
2017-06-20,clear-day,89.8,
2017-06-21,clear-day,88.28,
2017-06-22,clear-day,92.81,
2017-06-23,clear-day,83.27,
2017-06-24,clear-day,83.0,
2017-06-25,partly-cloudy-day,77.24,
2017-06-26,partly-cloudy-day,84.49,
2017-06-27,rain,72.48,rain
2017-06-28,rain,78.64,rain
2017-06-29,rain,67.51,rain
2017-06-30,rain,72.65,rain
2017-07-01,rain,67.87,rain
2017-07-02,rain,70.67,rain
2017-07-03,partly-cloudy-day,73.27,rain
2017-07-04,partly-cloudy-day,76.72,
2017-07-05,clear-day,83.33,
2017-07-06,clear-day,88.51,
2017-07-07,rain,83.43,rain
2017-07-08,clear-day,85.29,
2017-07-09,clear-day,83.5,rain
2017-07-10,partly-cloudy-day,79.33,
2017-07-11,rain,73.32,rain
2017-07-12,rain,73.19,rain
2017-07-13,partly-cloudy-day,69.18,rain
2017-07-14,rain,69.72,rain
2017-07-15,rain,64.78,rain
2017-07-16,partly-cloudy-day,74.33,
2017-07-17,partly-cloudy-day,76.85,
2017-07-18,clear-day,83.91,
2017-07-19,clear-day,89.8,
2017-07-20,rain,79.49,rain
2017-07-21,clear-day,83.51,rain
2017-07-22,clear-day,81.71,
2017-07-23,rain,72.64,rain
2017-07-24,rain,66.59,rain
2017-07-25,rain,59.52,rain
2017-07-26,rain,58.64,rain
2017-07-27,rain,66.21,rain
2017-07-28,partly-cloudy-day,70.71,rain
2017-07-29,partly-cloudy-day,79.76,
2017-07-30,rain,88.38,rain
2017-07-31,clear-day,84.28,rain
2017-08-01,rain,93.96,rain
2017-08-02,rain,83.68,rain
2017-08-03,rain,81.11,rain
2017-08-04,partly-cloudy-day,80.06,
2017-08-05,partly-cloudy-day,84.01,rain
2017-08-06,partly-cloudy-day,71.88,
2017-08-07,clear-day,78.28,
2017-08-08,rain,84.73,rain
2017-08-09,rain,76.37,rain
2017-08-10,rain,69.37,rain
2017-08-11,rain,58.77,rain
2017-08-12,rain,65.78,rain
2017-08-13,rain,70.58,rain
2017-08-14,partly-cloudy-day,79.32,
2017-08-15,rain,85.39,rain
2017-08-16,rain,76.45,rain
2017-08-17,clear-day,79.67,rain
2017-08-18,rain,84.93,rain
2017-08-19,,69.04,
2017-08-20,clear-day,68.18,
2017-08-21,clear-day,67.19,
2017-08-22,partly-cloudy-day,70.47,
2017-08-23,clear-day,74.78,
2017-08-24,clear-day,79.29,
2017-08-25,partly-cloudy-day,82.72,
2017-08-26,rain,86.35,rain
2017-08-27,partly-cloudy-day,78.69,
2017-08-28,clear-day,79.26,
2017-08-29,clear-day,80.5,
2017-08-30,clear-day,85.4,
2017-08-31,rain,73.65,rain
2017-09-01,rain,58.43,rain
2017-09-02,rain,59.04,rain
2017-09-03,rain,60.46,rain
2017-09-04,partly-cloudy-day,67.71,
2017-09-05,partly-cloudy-day,69.86,
2017-09-06,rain,68.97,rain
2017-09-07,partly-cloudy-day,62.66,
2017-09-08,partly-cloudy-day,65.32,
2017-09-09,rain,62.2,rain
2017-09-10,rain,60.54,rain
2017-09-11,partly-cloudy-day,65.11,rain
2017-09-12,rain,61.07,rain
2017-09-13,rain,66.43,rain
2017-09-14,rain,60.78,rain
2017-09-15,rain,61.06,rain
2017-09-16,rain,57.14,rain
2017-09-17,rain,58.87,rain
2017-09-18,rain,56.78,rain
2017-09-19,partly-cloudy-day,55.84,rain
2017-09-20,rain,58.37,rain
2017-09-21,partly-cloudy-day,60.78,
2017-09-22,partly-cloudy-day,62.61,rain
2017-09-23,partly-cloudy-day,65.16,
2017-09-24,partly-cloudy-day,63.85,
2017-09-25,partly-cloudy-day,62.15,
2017-09-26,partly-cloudy-day,66.29,rain
2017-09-27,partly-cloudy-day,67.45,
2017-09-28,partly-cloudy-day,67.99,rain
2017-09-29,partly-cloudy-day,65.02,rain
2017-09-30,partly-cloudy-day,67.68,
2017-10-01,rain,57.21,rain
2017-10-02,rain,60.27,rain
2017-10-03,rain,58.19,rain
2017-10-04,partly-cloudy-day,57.75,
2017-10-05,rain,65.43,rain
2017-10-06,rain,51.53,rain
2017-10-07,rain,52.62,rain
2017-10-08,rain,54.97,rain
2017-10-09,rain,54.16,rain
2017-10-10,rain,55.15,rain
2017-10-11,partly-cloudy-day,61.24,rain
2017-10-12,partly-cloudy-day,62.29,rain
2017-10-13,partly-cloudy-day,63.91,rain
2017-10-14,partly-cloudy-day,68.87,rain
2017-10-15,partly-cloudy-day,70.04,rain
2017-10-16,partly-cloudy-day,70.46,rain
2017-10-17,partly-cloudy-day,71.03,rain
2017-10-18,partly-cloudy-day,65.9,
2017-10-19,rain,58.8,rain
2017-10-20,partly-cloudy-day,62.11,rain
2017-10-21,rain,63.85,rain
2017-10-22,rain,53.21,rain
2017-10-23,rain,49.34,rain
2017-10-24,rain,54.71,rain
2017-10-25,partly-cloudy-day,61.66,
2017-10-26,partly-cloudy-day,59.95,rain
2017-10-27,rain,52.77,rain
2017-10-28,cloudy,48.73,rain
2017-10-29,rain,50.78,rain
2017-10-30,rain,45.41,rain
2017-10-31,partly-cloudy-day,45.9,
2017-11-01,rain,51.42,rain
2017-11-02,partly-cloudy-day,57.05,
2017-11-03,partly-cloudy-day,54.12,
2017-11-04,partly-cloudy-day,47.87,
2017-11-05,rain,52.82,rain
2017-11-06,rain,44.64,rain
2017-11-07,partly-cloudy-day,48.6,
2017-11-08,rain,47.85,rain
2017-11-09,cloudy,45.7,rain
2017-11-10,rain,43.94,rain
2017-11-11,rain,44.87,rain
2017-11-12,rain,42.94,rain
2017-11-13,rain,41.28,rain
2017-11-14,partly-cloudy-day,41.55,
2017-11-15,cloudy,36.17,
2017-11-16,cloudy,41.49,
2017-11-17,cloudy,38.65,rain
2017-11-18,cloudy,41.51,
2017-11-19,rain,39.17,rain
2017-11-20,rain,39.32,rain
2017-11-21,rain,45.55,rain
2017-11-22,partly-cloudy-day,49.07,
2017-11-23,clear-day,51.09,
2017-11-24,rain,55.0,rain
2017-11-25,rain,46.76,rain
2017-11-26,rain,37.1,rain
2017-11-27,rain,39.71,rain
2017-11-28,rain,40.16,rain
2017-11-29,rain,39.44,rain
2017-11-30,snow,34.85,snow
2017-12-01,partly-cloudy-day,34.71,
2017-12-02,partly-cloudy-day,31.4,
2017-12-03,snow,30.66,snow
2017-12-04,snow,35.76,snow
2017-12-05,rain,38.24,rain
2017-12-06,cloudy,38.19,rain
2017-12-07,partly-cloudy-day,40.99,rain
2017-12-08,rain,40.46,rain
2017-12-09,cloudy,32.56,snow
2017-12-10,snow,37.62,snow
2017-12-11,rain,40.47,rain
2017-12-12,rain,40.11,rain
2017-12-13,snow,39.03,snow
2017-12-14,rain,41.52,rain
2017-12-15,rain,39.44,rain
2017-12-16,cloudy,35.71,snow
2017-12-17,snow,35.44,snow
2017-12-18,snow,35.01,snow
2017-12-19,cloudy,33.87,snow
2017-12-20,snow,36.06,snow
2017-12-21,rain,41.57,rain
2017-12-22,cloudy,44.63,rain
2017-12-23,cloudy,45.63,
2017-12-24,cloudy,43.59,rain
2017-12-25,cloudy,40.46,
2017-12-26,partly-cloudy-day,45.03,snow
2017-12-27,rain,38.97,rain
2017-12-28,snow,36.58,snow
2017-12-29,snow,35.1,snow
2017-12-30,rain,44.0,rain
2017-12-31,rain,52.77,rain
2018-01-01,rain,46.87,rain
2018-01-02,rain,41.81,rain
2018-01-03,rain,46.82,rain
2018-01-04,rain,46.56,rain
2018-01-05,rain,47.98,rain
2018-01-06,rain,47.55,rain
2018-01-07,cloudy,43.07,rain
2018-01-08,cloudy,42.85,
2018-01-09,clear-day,44.59,
2018-01-10,fog,38.51,
2018-01-11,cloudy,36.35,rain
2018-01-12,cloudy,38.58,
2018-01-13,cloudy,37.58,
2018-01-14,cloudy,34.82,
2018-01-15,partly-cloudy-day,35.69,snow
2018-01-16,rain,41.52,rain
2018-01-17,rain,35.97,rain
2018-01-18,rain,42.9,rain
2018-01-19,rain,37.66,rain
2018-01-20,snow,35.7,snow
2018-01-21,snow,34.64,snow
2018-01-22,snow,34.84,snow
2018-01-23,rain,40.5,rain
2018-01-24,partly-cloudy-day,45.34,rain
2018-01-25,clear-day,47.68,
2018-01-26,partly-cloudy-day,45.88,
2018-01-27,cloudy,42.21,
2018-01-28,cloudy,44.86,rain
2018-01-29,cloudy,46.67,rain
2018-01-30,rain,45.91,rain
2018-01-31,rain,48.09,rain
2018-02-01,rain,43.66,rain
2018-02-02,partly-cloudy-day,38.66,snow
2018-02-03,cloudy,36.83,rain
2018-02-04,partly-cloudy-day,35.29,snow
2018-02-05,partly-cloudy-day,33.93,
2018-02-06,clear-day,34.49,
2018-02-07,partly-cloudy-day,32.95,
2018-02-08,cloudy,34.23,
2018-02-09,cloudy,32.62,
2018-02-10,cloudy,34.28,
2018-02-11,cloudy,36.17,rain
2018-02-12,rain,36.34,rain
2018-02-13,partly-cloudy-day,35.04,snow
2018-02-14,clear-day,38.33,
2018-02-15,snow,34.2,snow
2018-02-16,snow,39.5,snow
2018-02-17,snow,33.77,snow
2018-02-18,partly-cloudy-day,38.01,
2018-02-19,clear-day,36.69,
2018-02-20,cloudy,32.46,
2018-02-21,clear-day,39.75,snow
2018-02-22,partly-cloudy-day,33.77,
2018-02-23,clear-day,33.42,
2018-02-24,clear-day,32.06,
2018-02-25,clear-day,26.73,
2018-02-26,clear-day,23.08,
2018-02-27,clear-day,20.8,
2018-02-28,clear-day,20.54,
2018-03-01,clear-day,27.29,
2018-03-02,partly-cloudy-day,30.61,
2018-03-03,partly-cloudy-day,36.92,snow
2018-03-04,snow,42.68,snow
2018-03-05,partly-cloudy-day,44.38,
2018-03-06,rain,37.12,rain
2018-03-07,rain,47.11,rain
2018-03-08,rain,50.1,rain
2018-03-09,rain,46.44,rain
2018-03-10,rain,53.47,rain
2018-03-11,rain,60.75,rain
2018-03-12,rain,51.63,rain
2018-03-13,rain,50.19,rain
2018-03-14,rain,42.99,rain
2018-03-15,clear-day,50.49,snow
2018-03-16,rain,48.38,rain
2018-03-17,rain,37.6,rain
2018-03-18,cloudy,27.02,
2018-03-19,partly-cloudy-day,33.24,snow
2018-03-20,partly-cloudy-day,36.11,snow
2018-03-21,clear-day,40.64,
2018-03-22,partly-cloudy-day,39.22,rain
2018-03-23,cloudy,41.38,snow
2018-03-24,partly-cloudy-day,48.52,
2018-03-25,clear-day,54.04,
2018-03-26,partly-cloudy-day,47.63,
2018-03-27,partly-cloudy-day,48.56,rain
2018-03-28,rain,53.36,rain
2018-03-29,rain,48.53,rain
2018-03-30,clear-day,56.45,
2018-03-31,partly-cloudy-day,50.51,
2018-04-01,rain,47.86,rain
2018-04-02,partly-cloudy-day,55.81,rain
2018-04-03,rain,69.38,rain
2018-04-04,partly-cloudy-day,70.96,
2018-04-05,rain,55.52,rain
2018-04-06,clear-day,55.79,
2018-04-07,clear-day,68.9,
2018-04-08,clear-day,64.19,
2018-04-09,clear-day,70.34,
2018-04-10,clear-day,71.03,rain
2018-04-11,rain,61.97,rain
2018-04-12,clear-day,70.71,
2018-04-13,rain,64.9,rain
2018-04-14,clear-day,67.41,rain
2018-04-15,clear-day,67.01,
2018-04-16,rain,61.57,rain
2018-04-17,partly-cloudy-day,70.26,
2018-04-18,clear-day,75.12,
2018-04-19,clear-day,77.67,
2018-04-20,clear-day,82.01,
2018-04-21,clear-day,80.22,
2018-04-22,clear-day,80.33,
2018-04-23,rain,72.99,rain
2018-04-24,partly-cloudy-day,67.91,
2018-04-25,clear-day,70.44,
2018-04-26,rain,59.41,rain
2018-04-27,clear-day,67.47,
2018-04-28,clear-day,70.9,
2018-04-29,clear-day,79.77,
2018-04-30,rain,68.64,rain
2018-05-01,partly-cloudy-day,59.36,
2018-05-02,partly-cloudy-day,67.32,
2018-05-03,partly-cloudy-day,65.85,rain
2018-05-04,clear-day,71.45,
2018-05-05,clear-day,74.01,
2018-05-06,clear-day,72.42,
2018-05-07,clear-day,76.64,
2018-05-08,clear-day,76.55,
2018-05-09,rain,75.44,rain
2018-05-10,partly-cloudy-day,75.31,rain
2018-05-11,partly-cloudy-day,69.6,
2018-05-12,partly-cloudy-day,76.38,
2018-05-13,clear-day,78.38,
2018-05-14,partly-cloudy-day,75.08,rain
2018-05-15,partly-cloudy-day,67.42,rain
2018-05-16,rain,62.06,rain
2018-05-17,rain,64.26,rain
2018-05-18,partly-cloudy-day,68.49,rain
2018-05-19,partly-cloudy-day,69.16,
2018-05-20,,69.47,
2018-05-21,,73.3,
2018-05-22,,74.13,
2018-05-23,,73.72,
2018-05-24,,68.72,
2018-05-25,,74.12,
2018-05-26,,76.84,
2018-05-27,,78.66,
2018-05-28,,84.62,
2018-05-29,,79.06,
2018-05-30,,78.4,
2018-05-31,,80.88,
2018-06-01,,73.12,
2018-06-02,,75.01,
2018-06-03,,78.46,
2018-06-04,,80.21,
2018-06-05,,79.18,
2018-06-06,,79.55,
2018-06-07,,75.59,
2018-06-08,,79.17,
2018-06-09,,79.18,
2018-06-10,,78.56,
2018-06-11,,82.18,
2018-06-12,,73.26,
2018-06-13,,60.75,
2018-06-14,,64.02,
2018-06-15,,70.06,
2018-06-16,,76.66,
2018-06-17,,73.59,
2018-06-18,,73.0,
2018-06-19,,74.91,
2018-06-20,,80.35,
2018-06-21,,81.99,
2018-06-22,,62.46,
2018-06-23,,62.32,
2018-06-24,,64.66,
2018-06-25,,65.98,
2018-06-26,,70.06,
2018-06-27,,70.22,
2018-06-28,,59.86,
2018-06-29,,73.77,
2018-06-30,,76.64,
2018-07-01,,71.49,
2018-07-02,,74.19,
2018-07-03,,76.15,
2018-07-04,,77.26,
2018-07-05,,77.27,
2018-07-06,,66.99,
2018-07-07,,74.97,
2018-07-08,,76.64,
2018-07-09,,76.78,
2018-07-10,,72.0,
2018-07-11,,65.87,
2018-07-12,,71.51,
2018-07-13,,78.59,
2018-07-14,,78.46,
2018-07-15,,81.64,
2018-07-16,,74.46,
2018-07-17,,76.13,
2018-07-18,,80.2,
2018-07-19,,80.4,
2018-07-20,,83.17,
2018-07-21,,69.46,
2018-07-22,,65.49,
2018-07-23,,76.2,
2018-07-24,,80.86,
2018-07-25,,84.66,
2018-07-26,,81.01,
2018-07-27,,82.67,
2018-07-28,,82.07,
2018-07-29,,85.69,
2018-07-30,,87.48,
2018-07-31,,89.99,
2018-08-01,,90.06,
2018-08-02,,84.45,
2018-08-03,,87.62,
2018-08-04,,90.05,
2018-08-05,,85.74,
2018-08-06,,86.73,
2018-08-07,,87.4,
2018-08-08,,83.97,
2018-08-09,,92.19,
2018-08-10,,67.65,
2018-08-11,,75.07,
2018-08-12,,81.32,
2018-08-13,,83.05,
2018-08-14,,73.05,
2018-08-15,,76.91,
2018-08-16,,79.69,
2018-08-17,,82.13,
2018-08-18,,80.24,
2018-08-19,,85.91,
2018-08-20,,83.8,
2018-08-21,,84.49,
2018-08-22,,87.4,
2018-08-23,,83.88,
2018-08-24,,70.58,
2018-08-25,,62.23,
2018-08-26,,62.43,
2018-08-27,,75.93,
2018-08-28,,77.74,
2018-08-29,,83.24,
2018-08-30,,66.45,
2018-08-31,,58.73,
2018-09-01,,55.19,
2018-09-02,,61.04,
2018-09-03,,65.29,
2018-09-04,,65.8,
2018-09-05,,72.99,
2018-09-06,,76.01,
2018-09-07,,69.01,
2018-09-08,,69.58,
2018-09-09,,74.89,
2018-09-10,,76.59,
2018-09-11,,79.55,
2018-09-12,,82.12,
2018-09-13,,75.94,
2018-09-14,,68.33,
2018-09-15,,68.25,
2018-09-16,,73.26,
2018-09-17,,77.24,
2018-09-18,,80.21,
2018-09-19,,76.6,
2018-09-20,,80.78,
2018-09-21,,81.02,
2018-09-22,,62.3,
2018-09-23,,76.74,
2018-09-24,,55.06,
2018-09-25,,53.18,
2018-09-26,,62.19,
2018-09-27,,70.68,
2018-09-28,,68.88,
2018-09-29,,58.72,
2018-09-30,,66.66,
2018-10-01,,52.71,
2018-10-02,,51.44,
2018-10-03,,55.11,
2018-10-04,,61.68,
2018-10-05,,68.31,
2018-10-06,,72.46,
2018-10-07,,66.05,
2018-10-08,,63.36,
2018-10-09,,62.3,
2018-10-10,,69.39,
2018-10-11,clear-day,75.1,
2018-10-12,partly-cloudy-day,76.43,
2018-10-13,clear-day,74.7,
2018-10-14,clear-day,74.31,
2018-10-15,clear-day,73.97,
2018-10-16,clear-day,72.33,rain
2018-10-17,clear-day,71.05,
2018-10-18,partly-cloudy-day,68.81,
2018-10-19,clear-day,63.01,
2018-10-20,clear-day,61.08,rain
2018-10-21,clear-day,58.71,
2018-10-22,clear-day,59.87,rain
2018-10-23,rain,50.98,rain
2018-10-24,rain,54.6,rain
2018-10-25,rain,54.51,rain
2018-10-26,partly-cloudy-day,57.8,rain
2018-10-27,rain,45.75,rain
2018-10-28,rain,41.5,rain
2018-10-29,wind,57.42,rain
2018-10-30,rain,57.95,rain
2018-10-31,partly-cloudy-day,56.65,
2018-11-01,partly-cloudy-day,56.46,
2018-11-02,cloudy,55.34,rain
2018-11-03,clear-day,55.96,rain
2018-11-04,partly-cloudy-day,54.41,rain
2018-11-05,partly-cloudy-day,58.49,
2018-11-06,partly-cloudy-day,60.71,
2018-11-07,partly-cloudy-day,54.88,rain
2018-11-08,rain,54.31,rain
2018-11-09,cloudy,51.31,rain
2018-11-10,clear-day,51.08,rain
2018-11-11,rain,50.45,rain
2018-11-12,clear-day,51.63,
2018-11-13,rain,52.94,rain
2018-11-14,partly-cloudy-day,49.05,
2018-11-15,partly-cloudy-day,46.3,
2018-11-16,clear-day,44.75,
2018-11-17,clear-day,43.05,
2018-11-18,clear-day,41.79,rain
2018-11-19,partly-cloudy-day,37.3,snow
2018-11-20,partly-cloudy-day,42.59,rain
2018-11-21,partly-cloudy-day,40.45,rain
2018-11-22,partly-cloudy-day,39.73,rain
2018-11-23,clear-day,40.86,rain
2018-11-24,rain,42.13,rain
2018-11-25,rain,42.74,rain
2018-11-26,rain,40.54,rain
2018-11-27,rain,38.08,rain
2018-11-28,clear-day,35.99,snow
2018-11-29,partly-cloudy-day,37.13,
2018-11-30,rain,33.24,rain
2018-12-01,rain,43.46,rain
2018-12-02,rain,51.29,rain
2018-12-03,rain,54.22,rain
2018-12-04,rain,50.83,rain
2018-12-05,partly-cloudy-day,41.94,
2018-12-06,rain,46.58,rain
2018-12-07,rain,51.69,rain
2018-12-08,rain,47.09,rain
2018-12-09,rain,46.04,rain
2018-12-10,rain,41.8,rain
2018-12-11,rain,38.04,rain
2018-12-12,rain,37.86,rain
2018-12-13,clear-day,33.58,
2018-12-14,clear-day,31.66,
2018-12-15,clear-day,31.61,
2018-12-16,partly-cloudy-day,31.47,snow
2018-12-17,snow,36.42,snow
2018-12-18,rain,40.57,rain
2018-12-19,rain,34.98,rain
2018-12-20,rain,42.12,rain
2018-12-21,rain,50.53,rain
2018-12-22,rain,50.16,rain
2018-12-23,rain,48.26,rain
2018-12-24,rain,50.92,rain
2018-12-25,partly-cloudy-day,37.72,snow
2018-12-26,partly-cloudy-day,36.24,rain
2018-12-27,partly-cloudy-day,37.97,rain
2018-12-28,partly-cloudy-day,37.29,
2018-12-29,snow,36.41,snow
2018-12-30,rain,41.11,rain
2018-12-31,rain,42.48,rain
2019-01-01,rain,42.52,rain
2019-01-02,rain,37.56,rain
2019-01-03,partly-cloudy-day,34.52,snow
2019-01-04,snow,35.17,snow
2019-01-05,rain,41.14,rain
2019-01-06,rain,39.41,rain
2019-01-07,rain,39.9,rain
2019-01-08,rain,39.28,rain
2019-01-09,rain,36.17,rain
2019-01-10,snow,35.08,snow
2019-01-11,snow,34.05,snow
2019-01-12,rain,38.45,rain
2019-01-13,rain,44.15,rain
2019-01-14,rain,41.58,rain
2019-01-15,snow,39.0,snow
2019-01-16,partly-cloudy-day,39.99,rain
2019-01-17,rain,43.21,rain
2019-01-18,snow,35.01,snow
2019-01-19,partly-cloudy-day,34.79,
2019-01-20,clear-day,31.04,
2019-01-21,clear-day,34.99,
2019-01-22,clear-day,29.96,snow
2019-01-23,partly-cloudy-day,28.1,snow
2019-01-24,cloudy,31.49,snow
2019-01-25,partly-cloudy-day,29.0,snow
2019-01-26,rain,38.91,rain
2019-01-27,rain,42.94,rain
2019-01-28,rain,38.11,rain
2019-01-29,snow,35.92,snow
2019-01-30,partly-cloudy-day,36.08,snow
2019-01-31,partly-cloudy-day,37.84,
2019-02-01,rain,37.13,rain
2019-02-02,rain,38.48,rain
2019-02-03,snow,35.21,snow
2019-02-04,partly-cloudy-day,36.52,snow
2019-02-05,partly-cloudy-day,30.65,snow
2019-02-06,partly-cloudy-day,31.0,snow
2019-02-07,snow,33.18,snow
2019-02-08,partly-cloudy-day,42.06,rain
2019-02-09,rain,44.77,rain
2019-02-10,rain,43.86,rain
2019-02-11,rain,39.16,rain
2019-02-12,snow,38.01,snow
2019-02-13,partly-cloudy-day,45.41,rain
2019-02-14,partly-cloudy-day,46.32,snow
2019-02-15,clear-day,50.56,
2019-02-16,clear-day,50.12,rain
2019-02-17,clear-day,51.5,
2019-02-18,clear-day,53.28,
2019-02-19,partly-cloudy-day,51.05,rain
2019-02-20,partly-cloudy-day,47.74,rain
2019-02-21,partly-cloudy-day,50.66,rain
2019-02-22,rain,48.45,rain
2019-02-23,partly-cloudy-day,43.16,
2019-02-24,clear-day,48.37,snow
2019-02-25,clear-day,58.51,rain
2019-02-26,partly-cloudy-day,60.66,
2019-02-27,partly-cloudy-day,63.44,
2019-02-28,clear-day,61.62,rain
2019-03-01,rain,48.36,rain
2019-03-02,rain,44.69,rain
2019-03-03,rain,52.41,rain
2019-03-04,wind,55.44,rain
2019-03-05,rain,45.26,rain
2019-03-06,partly-cloudy-day,54.65,
2019-03-07,rain,53.29,rain
2019-03-08,rain,49.29,rain
2019-03-09,rain,48.7,rain
2019-03-10,rain,52.56,rain
2019-03-11,rain,39.36,rain
2019-03-12,rain,46.94,rain
2019-03-13,rain,46.61,rain
2019-03-14,rain,42.79,rain
2019-03-15,rain,49.95,rain
2019-03-16,rain,50.87,rain
2019-03-17,rain,61.64,rain
2019-03-18,rain,45.55,rain
2019-03-19,clear-day,47.55,rain
2019-03-20,clear-day,54.21,
2019-03-21,partly-cloudy-day,61.39,
2019-03-22,partly-cloudy-day,67.33,
2019-03-23,clear-day,67.9,rain
2019-03-24,partly-cloudy-day,61.58,rain
2019-03-25,rain,44.46,rain
2019-03-26,partly-cloudy-day,45.38,rain
2019-03-27,rain,49.96,rain
2019-03-28,partly-cloudy-day,51.44,rain
2019-03-29,clear-day,61.31,
2019-03-30,partly-cloudy-day,65.85,
2019-03-31,clear-day,66.88,rain
2019-04-01,clear-day,60.76,
2019-04-02,partly-cloudy-day,67.4,rain
2019-04-03,rain,68.22,rain
2019-04-04,partly-cloudy-day,67.48,rain
2019-04-05,cloudy,57.5,rain
2019-04-06,clear-day,64.38,
2019-04-07,partly-cloudy-day,62.34,rain
2019-04-08,partly-cloudy-day,64.71,rain
2019-04-09,rain,64.37,rain
2019-04-10,partly-cloudy-day,57.58,rain
2019-04-11,partly-cloudy-day,52.85,
2019-04-12,clear-day,48.43,
2019-04-13,partly-cloudy-day,47.77,rain
2019-04-14,partly-cloudy-day,48.95,rain
2019-04-15,clear-day,61.26,rain
2019-04-16,clear-day,65.01,
2019-04-17,partly-cloudy-day,65.99,
2019-04-18,partly-cloudy-day,68.16,
2019-04-19,clear-day,73.0,
2019-04-20,clear-day,73.71,
2019-04-21,clear-day,73.68,
2019-04-22,partly-cloudy-day,72.27,
2019-04-23,partly-cloudy-day,70.12,
2019-04-24,partly-cloudy-day,79.22,
2019-04-25,clear-day,78.54,
2019-04-26,rain,59.31,rain
2019-04-27,rain,58.84,rain
2019-04-28,rain,53.49,rain
2019-04-29,rain,49.58,rain
2019-04-30,rain,62.28,rain
2019-05-01,rain,62.79,rain
2019-05-02,partly-cloudy-day,66.22,rain
2019-05-03,rain,56.1,rain
2019-05-04,rain,48.2,rain
2019-05-05,cloudy,47.77,rain
2019-05-06,partly-cloudy-day,50.52,rain
2019-05-07,partly-cloudy-day,55.17,rain
2019-05-08,rain,59.55,rain
2019-05-09,rain,58.23,rain
2019-05-10,rain,61.92,rain
2019-05-11,rain,60.91,rain
2019-05-12,rain,54.21,rain
2019-05-13,clear-day,59.25,rain
2019-05-14,rain,53.41,rain
2019-05-15,partly-cloudy-day,53.34,rain
2019-05-16,rain,47.92,rain
2019-05-17,partly-cloudy-day,65.21,rain
2019-05-18,partly-cloudy-day,70.22,rain
2019-05-19,rain,74.79,rain
2019-05-20,rain,63.9,rain
2019-05-21,rain,60.18,rain
2019-05-22,rain,57.84,rain
2019-05-23,partly-cloudy-day,65.58,
2019-05-24,partly-cloudy-day,68.23,
2019-05-25,rain,71.15,rain
2019-05-26,clear-day,72.11,rain
2019-05-27,rain,72.56,rain
2019-05-28,rain,58.14,rain
2019-05-29,rain,57.77,rain
2019-05-30,clear-day,69.56,
2019-05-31,rain,71.96,rain
2019-06-01,partly-cloudy-day,79.87,
2019-06-02,clear-day,84.01,
2019-06-03,clear-day,86.59,rain
2019-06-04,rain,85.59,rain
2019-06-05,clear-day,85.75,rain
2019-06-06,rain,71.97,rain
2019-06-07,clear-day,79.17,rain
2019-06-08,partly-cloudy-day,69.86,rain
2019-06-09,rain,80.18,rain
2019-06-10,rain,79.44,rain
2019-06-11,rain,80.78,rain
2019-06-12,rain,78.22,rain
2019-06-13,partly-cloudy-day,77.76,rain
2019-06-14,partly-cloudy-day,88.11,
2019-06-15,partly-cloudy-day,77.4,
2019-06-16,rain,67.03,rain
2019-06-17,clear-day,77.03,rain
2019-06-18,clear-day,82.81,rain
2019-06-19,partly-cloudy-day,85.64,rain
2019-06-20,rain,74.34,rain
2019-06-21,rain,77.05,rain
2019-06-22,rain,73.04,rain
2019-06-23,rain,76.59,rain
2019-06-24,clear-day,84.35,
2019-06-25,clear-day,90.85,
2019-06-26,clear-day,96.34,
2019-06-27,clear-day,87.84,rain
2019-06-28,clear-day,83.91,
2019-06-29,clear-day,89.21,
2019-06-30,clear-day,96.29,
2019-07-01,rain,89.04,rain
2019-07-02,partly-cloudy-day,79.79,rain
2019-07-03,clear-day,77.91,
2019-07-04,clear-day,81.02,
2019-07-05,partly-cloudy-day,80.03,rain
2019-07-06,partly-cloudy-day,85.94,rain
2019-07-07,rain,72.5,rain
2019-07-08,partly-cloudy-day,71.09,rain
2019-07-09,partly-cloudy-day,67.07,rain
2019-07-10,clear-day,72.19,rain
2019-07-11,rain,69.65,rain
2019-07-12,rain,73.07,rain
2019-07-13,rain,65.42,rain
2019-07-14,rain,70.46,rain
2019-07-15,clear-day,74.58,rain
2019-07-16,clear-day,74.61,rain
2019-07-17,partly-cloudy-day,79.23,rain
2019-07-18,partly-cloudy-day,79.07,rain
2019-07-19,rain,76.94,rain
2019-07-20,rain,88.02,rain
2019-07-21,rain,79.4,rain
2019-07-22,partly-cloudy-day,84.62,rain
2019-07-23,clear-day,90.81,rain
2019-07-24,clear-day,94.72,rain
2019-07-25,clear-day,96.67,rain
2019-07-26,clear-day,96.69,rain
2019-07-27,rain,73.68,rain
2019-07-28,rain,81.42,rain
2019-07-29,rain,75.2,rain
2019-07-30,partly-cloudy-day,80.55,rain
2019-07-31,rain,71.73,rain
2019-08-01,partly-cloudy-day,78.37,rain
2019-08-02,rain,79.38,rain
2019-08-03,rain,71.41,rain
2019-08-04,clear-day,79.46,rain
2019-08-05,rain,75.86,rain
2019-08-06,rain,81.85,rain
2019-08-07,rain,72.97,rain
2019-08-08,rain,76.8,rain
2019-08-09,partly-cloudy-day,86.07,rain
2019-08-10,rain,73.01,rain
2019-08-11,partly-cloudy-day,82.02,rain
2019-08-12,rain,66.82,rain
2019-08-13,rain,71.12,rain
2019-08-14,partly-cloudy-day,68.49,rain
2019-08-15,rain,67.04,rain
2019-08-16,partly-cloudy-day,72.66,rain
2019-08-17,cloudy,75.76,rain
2019-08-18,rain,86.9,rain
2019-08-19,rain,75.16,rain
2019-08-20,rain,70.83,rain
2019-08-21,rain,73.24,rain
2019-08-22,partly-cloudy-day,75.91,rain
2019-08-23,clear-day,77.73,rain
2019-08-24,clear-day,82.65,rain
2019-08-25,rain,85.06,rain
2019-08-26,rain,83.85,rain
2019-08-27,rain,82.43,rain
2019-08-28,partly-cloudy-day,85.72,rain
2019-08-29,rain,82.46,rain
2019-08-30,clear-day,84.55,rain
2019-08-31,clear-day,84.93,rain
2019-09-01,rain,80.41,rain
2019-09-02,partly-cloudy-day,70.83,
2019-09-03,clear-day,73.82,rain
2019-09-04,clear-day,77.31,rain
2019-09-05,partly-cloudy-day,68.19,rain
2019-09-06,cloudy,66.44,rain
2019-09-07,rain,62.32,rain
2019-09-08,rain,61.7,rain
2019-09-09,rain,55.72,rain
2019-09-10,partly-cloudy-day,66.53,rain
2019-09-11,partly-cloudy-day,72.21,
2019-09-12,partly-cloudy-day,74.16,rain
2019-09-13,partly-cloudy-day,73.48,rain
2019-09-14,partly-cloudy-day,73.28,rain
2019-09-15,clear-day,78.94,rain
2019-09-16,partly-cloudy-day,75.86,rain
2019-09-17,partly-cloudy-day,67.22,rain
2019-09-18,clear-day,62.36,
2019-09-19,partly-cloudy-day,60.86,rain
2019-09-20,partly-cloudy-day,65.16,rain
2019-09-21,clear-day,72.32,
2019-09-22,clear-day,71.91,rain
2019-09-23,rain,60.46,rain
2019-09-24,partly-cloudy-day,67.39,rain
2019-09-25,rain,65.47,rain
2019-09-26,rain,66.68,rain
2019-09-27,rain,66.21,rain
2019-09-28,rain,64.16,rain
2019-09-29,rain,71.4,rain
2019-09-30,rain,62.87,rain
2019-10-01,rain,68.0,rain
2019-10-02,rain,58.92,rain
2019-10-03,rain,53.11,rain
2019-10-04,rain,53.22,rain
2019-10-05,rain,52.1,rain
2019-10-06,rain,53.7,rain
2019-10-07,rain,54.88,rain
2019-10-08,rain,54.81,rain
2019-10-09,rain,55.22,rain
2019-10-10,rain,54.86,rain
2019-10-11,partly-cloudy-day,63.36,rain
2019-10-12,clear-day,71.36,rain
2019-10-13,clear-day,72.85,rain
2019-10-14,clear-day,75.46,rain
2019-10-15,partly-cloudy-day,68.77,rain
2019-10-16,rain,61.49,rain
2019-10-17,partly-cloudy-day,64.85,rain
2019-10-18,rain,66.64,rain
2019-10-19,rain,58.43,rain
2019-10-20,partly-cloudy-day,64.2,
2019-10-21,partly-cloudy-day,63.22,rain
2019-10-22,partly-cloudy-day,66.44,rain
2019-10-23,clear-day,63.05,rain
2019-10-24,partly-cloudy-day,62.66,rain
2019-10-25,partly-cloudy-day,63.73,rain
2019-10-26,clear-day,63.18,rain
2019-10-27,rain,64.79,rain
2019-10-28,rain,52.14,rain
2019-10-29,cloudy,50.29,rain
2019-10-30,partly-cloudy-day,49.4,rain
2019-10-31,clear-day,47.91,
2019-11-01,rain,44.03,rain
2019-11-02,rain,58.78,rain
2019-11-03,rain,55.08,rain
2019-11-04,rain,53.4,rain
2019-11-05,rain,50.45,rain
2019-11-06,rain,49.56,rain
2019-11-07,rain,51.59,rain
2019-11-08,rain,47.27,rain
2019-11-09,rain,44.38,rain
2019-11-10,clear-day,44.95,snow
2019-11-11,clear-day,41.35,snow
2019-11-12,rain,43.42,rain
2019-11-13,rain,42.32,rain
2019-11-14,partly-cloudy-day,43.77,
2019-11-15,rain,50.12,rain
2019-11-16,rain,45.94,rain
2019-11-17,cloudy,53.18,rain
2019-11-18,rain,44.73,rain
2019-11-19,cloudy,44.04,rain
2019-11-20,rain,43.9,rain
2019-11-21,rain,43.72,rain
2019-11-22,partly-cloudy-day,42.14,rain
2019-11-23,partly-cloudy-day,50.93,rain
2019-11-24,partly-cloudy-day,50.12,rain
2019-11-25,cloudy,42.7,rain
2019-11-26,cloudy,45.04,rain
2019-11-27,rain,46.12,rain
2019-11-28,rain,50.47,rain
2019-11-29,rain,46.37,rain
2019-11-30,rain,39.75,rain
2019-12-01,partly-cloudy-day,37.17,snow
2019-12-02,partly-cloudy-day,38.26,snow
2019-12-03,partly-cloudy-day,38.19,rain
2019-12-04,clear-day,38.74,snow
2019-12-05,clear-day,34.15,rain
2019-12-06,clear-day,37.68,rain
2019-12-07,rain,44.29,rain
2019-12-08,rain,48.21,rain
2019-12-09,rain,47.95,rain
2019-12-10,rain,40.59,rain
2019-12-11,partly-cloudy-day,35.24,snow
2019-12-12,rain,38.78,rain
2019-12-13,rain,40.94,rain
2019-12-14,rain,43.86,rain
2019-12-15,rain,52.02,rain
2019-12-16,rain,47.58,rain
2019-12-17,partly-cloudy-day,48.75,rain
2019-12-18,rain,50.43,rain
2019-12-19,partly-cloudy-day,45.63,rain
2019-12-20,partly-cloudy-day,50.08,rain
2019-12-21,rain,46.02,rain
2019-12-22,rain,44.78,rain
2019-12-23,rain,43.66,rain
2019-12-24,rain,44.21,rain
2019-12-25,rain,46.08,rain
2019-12-26,partly-cloudy-day,41.48,rain
2019-12-27,rain,40.38,rain
2019-12-28,partly-cloudy-day,35.71,snow
2019-12-29,partly-cloudy-day,32.38,
2019-12-30,clear-day,35.56,snow
2019-12-31,partly-cloudy-day,38.03,
